0.343941,0.035067,0.77175,-0.045355,0.028376,0.038994,0.997806,-0.278155,0.111577,-0.04755,1.20025,0.232744,-0.191225,-0.352591,0.092345,-0.217619,0.454629,-0.155464,-0.038697,-0.049065,0.082163,0.078826,0.026284,0.229809,-0.507843,0.881708,0.700281,0.194624,0.232897,0.128956,-0.071519,0.072716,0.811076,-0.782896,0.113009,-0.179593
0.364461,0.033606,0.772031,-0.049147,0.023304,0.03917,0.997751,-0.342384,0.101406,-0.064958,1.25434,0.175612,-0.180684,-0.309698,0.107169,-0.220256,0.450282,-0.181444,-0.043423,-0.045802,0.091896,0.081899,0.054263,0.251035,-0.49117,0.854816,0.699107,0.179004,0.242886,0.117466,-0.070757,0.062533,0.80842,-0.788166,0.094824,-0.199122
0.385324,0.032599,0.772402,-0.051826,0.018491,0.038332,0.997749,-0.401825,0.087065,-0.079751,1.27091,0.137846,-0.177058,-0.26819,0.119781,-0.219253,0.449353,-0.208198,-0.047568,-0.039718,0.098407,0.083819,0.087619,0.264825,-0.456669,0.820192,0.68721,0.169337,0.254846,0.108353,-0.068564,0.052829,0.800533,-0.791245,0.082827,-0.213263
0.40647,0.031816,0.772842,-0.053471,0.01441,0.03692,0.997783,-0.457683,0.072665,-0.089623,1.249371,0.095066,-0.142835,-0.228361,0.13021,-0.215893,0.450798,-0.235532,-0.051308,-0.031161,0.102402,0.084412,0.122581,0.262951,-0.41273,0.786727,0.66959,0.168367,0.270674,0.099861,-0.06469,0.045313,0.788292,-0.792096,0.074292,-0.220667
0.427781,0.031089,0.773485,-0.05329,0.011658,0.035079,0.997895,-0.507108,0.061589,-0.092737,1.18854,0.019414,-0.121351,-0.189075,0.137217,-0.210369,0.449245,-0.260288,-0.054328,-0.020919,0.104137,0.083599,0.152833,0.254693,-0.363011,0.755456,0.652237,0.169096,0.279807,0.098985,-0.063352,0.047446,0.762794,-0.78845,0.06674,-0.222066
0.449093,0.030385,0.774086,-0.05195,0.01057,0.03287,0.998053,-0.547735,0.057156,-0.087465,1.091259,-0.042672,-0.110229,-0.150181,0.141844,-0.203702,0.441305,-0.278077,-0.056323,-0.009419,0.104087,0.081707,0.179975,0.245557,-0.312766,0.728369,0.641448,0.168535,0.284662,0.095323,-0.067512,0.056553,0.736686,-0.784548,0.055667,-0.219315
0.470354,0.029728,0.774061,-0.050657,0.011134,0.030438,0.99819,-0.578249,0.058503,-0.072945,0.957823,-0.080108,-0.081095,-0.111642,0.146298,-0.196519,0.426483,-0.29037,-0.056788,0.003126,0.103068,0.078894,0.202034,0.234424,-0.26481,0.707861,0.640275,0.17098,0.290085,0.089961,-0.075206,0.073021,0.712849,-0.785165,0.042124,-0.220115
0.491588,0.029119,0.773291,-0.049415,0.01329,0.028053,0.998296,-0.596939,0.062886,-0.051558,0.798361,-0.090548,-0.070196,-0.072675,0.150678,-0.18879,0.403658,-0.297521,-0.055313,0.016107,0.101433,0.074842,0.220644,0.224006,-0.221838,0.693681,0.645466,0.173665,0.297391,0.0827,-0.084244,0.089114,0.695656,-0.794419,0.026868,-0.227227
0.512936,0.028593,0.772069,-0.048491,0.016472,0.025832,0.998354,-0.603579,0.068265,-0.023485,0.621852,-0.078518,-0.054253,-0.032662,0.155458,-0.18047,0.374604,-0.300181,-0.052646,0.028721,0.099461,0.069157,0.233686,0.211396,-0.190365,0.687361,0.657621,0.176279,0.305187,0.076447,-0.092652,0.107709,0.683208,-0.806564,0.017937,-0.239562
0.534536,0.028171,0.77071,-0.047071,0.020331,0.023549,0.998407,-0.601907,0.070623,0.010359,0.442615,-0.0461,-0.042625,0.009796,0.159475,-0.170229,0.337982,-0.298164,-0.049806,0.040183,0.097018,0.062013,0.243214,0.200536,-0.172871,0.688277,0.676383,0.173175,0.308849,0.069806,-0.101344,0.127015,0.677219,-0.818369,0.017375,-0.250591
0.556741,0.028028,0.768859,-0.046073,0.024213,0.020626,0.998432,-0.594886,0.064046,0.029735,0.285128,-0.023499,-0.048454,0.051425,0.163467,-0.157843,0.304586,-0.293682,-0.046702,0.050841,0.093644,0.054069,0.249231,0.191701,-0.1662,0.695083,0.701881,0.167413,0.307185,0.061587,-0.10935,0.149876,0.678953,-0.824254,0.025183,-0.258812
0.579954,0.028419,0.766079,-0.046985,0.027033,0.016721,0.99839,-0.593805,0.053552,0.022947,0.187781,-0.022648,-0.07782,0.088884,0.16871,-0.143819,0.288098,-0.291721,-0.042941,0.0613,0.089539,0.046377,0.256562,0.191288,-0.163144,0.705298,0.72804,0.157404,0.299506,0.055326,-0.112916,0.168756,0.689133,-0.826342,0.034932,-0.263505
0.604084,0.029337,0.763106,-0.047229,0.029334,0.01218,0.998379,-0.59588,0.039408,0.001929,0.169209,-0.013896,-0.071931,0.123848,0.170432,-0.128191,0.281894,-0.290633,-0.037896,0.072016,0.084883,0.03866,0.263398,0.192378,-0.162469,0.71855,0.752795,0.145751,0.28821,0.052233,-0.114197,0.180693,0.706673,-0.824339,0.047278,-0.262107
0.62906,0.030839,0.761408,-0.044875,0.030879,0.006638,0.998493,-0.599557,0.019355,-0.023736,0.212961,0.032059,-0.029786,0.158775,0.164462,-0.110215,0.281487,-0.284657,-0.030608,0.082746,0.078364,0.030894,0.269569,0.191161,-0.163495,0.734877,0.777006,0.133955,0.277408,0.053097,-0.116046,0.185839,0.730192,-0.819839,0.063385,-0.250381
0.655303,0.032783,0.765079,-0.03975,0.031506,0.001593,0.998712,-0.602389,0.002462,-0.02919,0.272544,0.102971,0.003326,0.19535,0.151117,-0.094218,0.294752,-0.263014,-0.020201,0.091623,0.068671,0.023659,0.274052,0.186495,-0.163311,0.75505,0.800574,0.124809,0.268845,0.059338,-0.119076,0.183941,0.75713,-0.815222,0.083848,-0.230516
0.681551,0.034909,0.763741,-0.033211,0.031334,-0.000445,0.998957,-0.594982,-0.01172,-0.022635,0.330423,0.146221,0.013098,0.216854,0.131718,-0.085647,0.329157,-0.214167,-0.009611,0.098238,0.054733,0.018241,0.273358,0.179032,-0.157191,0.780137,0.82035,0.122378,0.260598,0.073908,-0.12005,0.172327,0.783626,-0.810541,0.10946,-0.21243
0.70703,0.036859,0.763905,-0.024088,0.031425,0.001131,0.999215,-0.580639,-0.028854,-0.007024,0.380296,0.142376,0.017532,0.220749,0.105667,-0.083564,0.387538,-0.142578,0.017957,0.102736,0.037276,0.015863,0.264376,0.166366,-0.142706,0.809981,0.832714,0.127487,0.252936,0.097605,-0.119646,0.151823,0.804978,-0.805541,0.139279,-0.202256
0.73112,0.038735,0.766323,-0.013656,0.031364,0.00319,0.99941,-0.559248,-0.050576,0.006829,0.408481,0.110551,0.018151,0.193308,0.074236,-0.079928,0.48955,-0.04417,0.071743,0.106014,0.018731,0.017206,0.243546,0.149488,-0.117727,0.84788,0.839458,0.13257,0.252384,0.129203,-0.120044,0.133692,0.81723,-0.801993,0.16294,-0.194413
0.753633,0.040655,0.767898,-0.002514,0.030977,0.002198,0.999515,-0.528155,-0.072238,0.022209,0.415419,0.077094,0.038392,0.133073,0.038295,-0.074141,0.635339,0.064341,0.117484,0.108297,0.001276,0.021443,0.222912,0.131155,-0.093243,0.876405,0.841769,0.134914,0.260018,0.154971,-0.127496,0.134921,0.823457,-0.804059,0.171134,-0.1739
0.775236,0.042371,0.770012,0.008547,0.030213,-0.001955,0.999505,-0.491732,-0.090386,0.040114,0.411032,0.047526,0.046363,0.048854,-0.008258,-0.077749,0.804739,0.185662,0.178126,0.109094,-0.014831,0.027361,0.216109,0.116965,-0.078549,0.889548,0.842491,0.123842,0.275577,0.172659,-0.146144,0.162929,0.820826,-0.816063,0.159759,-0.135842
0.79609,0.043688,0.77137,0.019277,0.029399,-0.006286,0.999362,-0.455306,-0.107756,0.057417,0.403713,0.019518,0.049657,-0.043329,-0.065499,-0.087667,0.964003,0.284829,0.23553,0.106603,-0.030601,0.033815,0.19903,0.104419,-0.076355,0.895709,0.846833,0.110347,0.282989,0.186525,-0.17828,0.205261,0.805265,-0.835358,0.130676,-0.088527
0.81656,0.044586,0.77236,0.03015,0.028288,-0.008672,0.999107,-0.420319,-0.127805,0.071574,0.398313,-0.007681,0.054826,-0.136494,-0.122561,-0.096939,1.095078,0.314081,0.245858,0.09992,-0.04616,0.040923,0.175523,0.095189,-0.087604,0.897096,0.855981,0.092634,0.282017,0.199206,-0.214699,0.240213,0.774575,-0.853088,0.100074,-0.047412
0.83707,0.045088,0.773166,0.039989,0.026312,-0.008048,0.998821,-0.384092,-0.149689,0.078838,0.39422,-0.035326,0.06028,-0.227795,-0.156598,-0.087653,1.185839,0.246732,0.236385,0.089239,-0.060235,0.048281,0.143269,0.088245,-0.109015,0.898692,0.871231,0.075214,0.276126,0.21501,-0.235783,0.253334,0.736184,-0.859771,0.085262,-0.031251
0.857821,0.045178,0.773836,0.04758,0.023644,-0.005489,0.998572,-0.346966,-0.169553,0.079147,0.393318,-0.064916,0.065158,-0.311033,-0.186786,-0.085962,1.235528,0.166663,0.211891,0.076984,-0.071624,0.054863,0.108032,0.087023,-0.135351,0.898232,0.889357,0.059771,0.269104,0.234321,-0.245169,0.233351,0.69111,-0.847065,0.083997,-0.034971
0.878729,0.044766,0.774075,0.054243,0.020759,-0.001264,0.998311,-0.314598,-0.187915,0.075139,0.404497,-0.099815,0.069183,-0.385211,-0.205994,-0.081575,1.240985,0.072968,0.188221,0.063401,-0.08054,0.060428,0.070034,0.085562,-0.161204,0.897321,0.905954,0.049818,0.264367,0.257961,-0.240238,0.188845,0.646347,-0.819573,0.092952,-0.06079
0.899882,0.044093,0.774383,0.058327,0.018066,0.003832,0.998127,-0.282124,-0.201764,0.066223,0.417635,-0.136193,0.072991,-0.451539,-0.210726,-0.07294,1.206171,-0.020792,0.160692,0.049785,-0.086825,0.064347,0.030585,0.083268,-0.183524,0.895835,0.916706,0.043782,0.261023,0.282526,-0.221798,0.133893,0.606819,-0.784679,0.104768,-0.101066
0.921153,0.043249,0.774976,0.059975,0.016456,0.008472,0.998028,-0.248146,-0.21013,0.054341,0.424913,-0.168982,0.07608,-0.505995,-0.212323,-0.067272,1.128819,-0.091033,0.155053,0.037405,-0.090164,0.066466,-0.010887,0.078613,-0.204109,0.89337,0.921232,0.040793,0.256868,0.307014,-0.196727,0.081973,0.571693,-0.751908,0.116195,-0.142464
0.942431,0.042296,0.775592,0.059712,0.016144,0.012159,0.998011,-0.212288,-0.213398,0.04126,0.423015,-0.196045,0.07814,-0.547294,-0.211838,-0.068806,1.016126,-0.131754,0.12813,0.026079,-0.091035,0.066971,-0.04829,0.076743,-0.224591,0.887524,0.922176,0.035486,0.253726,0.321994,-0.173594,0.045553,0.549502,-0.727681,0.126469,-0.1732
0.963736,0.041318,0.775912,0.057234,0.016882,0.014696,0.99811,-0.174071,-0.211042,0.027733,0.411385,-0.21786,0.07906,-0.576876,-0.210328,-0.080216,0.880184,-0.139342,0.111825,0.015464,-0.089869,0.065929,-0.080588,0.077634,-0.24479,0.877546,0.921018,0.029271,0.253221,0.326526,-0.158438,0.031585,0.541943,-0.717432,0.135031,-0.185243
0.985285,0.040167,0.775438,0.055761,0.018253,0.016938,0.998134,-0.136742,-0.208908,0.016019,0.39892,-0.239067,0.078225,-0.592546,-0.206963,-0.097659,0.725551,-0.132771,0.091371,0.004691,-0.088059,0.06349,-0.104546,0.080003,-0.262422,0.862993,0.915084,0.019674,0.255398,0.319044,-0.156793,0.037504,0.551721,-0.721704,0.140458,-0.177635
1.007208,0.039024,0.774727,0.053674,0.020249,0.019357,0.998166,-0.097208,-0.205055,0.004254,0.379805,-0.255588,0.078371,-0.596946,-0.196993,-0.113408,0.563805,-0.122419,0.100376,-0.006079,-0.085933,0.059748,-0.12519,0.078804,-0.279282,0.849377,0.904975,0.012469,0.259162,0.310423,-0.1622,0.056302,0.5674,-0.738383,0.141161,-0.155877
1.029753,0.037766,0.773713,0.052156,0.022549,0.021863,0.998145,-0.055207,-0.201522,-0.007716,0.356088,-0.268087,0.079009,-0.591781,-0.18476,-0.125877,0.398654,-0.09559,0.125321,-0.015799,-0.08348,0.054954,-0.14273,0.075816,-0.297884,0.839708,0.893761,0.00669,0.262553,0.303089,-0.170394,0.077079,0.585332,-0.762604,0.139219,-0.129942
1.053079,0.036309,0.772117,0.051262,0.024649,0.023975,0.998093,-0.012301,-0.198321,-0.019431,0.33383,-0.276927,0.078432,-0.583525,-0.170415,-0.131141,0.25626,-0.082358,0.153741,-0.023925,-0.080692,0.049841,-0.157772,0.072741,-0.319431,0.835405,0.886281,0.003342,0.264836,0.299211,-0.176192,0.090952,0.602363,-0.788162,0.136622,-0.111738
1.077375,0.034348,0.769406,0.052851,0.024843,0.026625,0.997938,0.027501,-0.198458,-0.030231,0.330165,-0.288545,0.076476,-0.593511,-0.158923,-0.109054,0.202076,-0.087405,0.197789,-0.031828,-0.077526,0.046359,-0.169108,0.067867,-0.342281,0.835907,0.88405,0.002945,0.26617,0.30135,-0.178185,0.090962,0.616012,-0.806931,0.13555,-0.109667
1.102147,0.03205,0.766626,0.052976,0.025255,0.028159,0.997879,0.064436,-0.194526,-0.039553,0.332123,-0.298306,0.073094,-0.596293,-0.144182,-0.076048,0.199496,-0.079499,0.204004,-0.038735,-0.074248,0.042686,-0.174519,0.065659,-0.36146,0.838253,0.885412,0.006283,0.265136,0.305505,-0.169717,0.079041,0.628898,-0.812051,0.136015,-0.122322
1.127334,0.029303,0.764994,0.051129,0.025748,0.028938,0.997941,0.098119,-0.184901,-0.04655,0.339721,-0.299911,0.067314,-0.597546,-0.128418,-0.057439,0.242769,-0.029662,0.162011,-0.043928,-0.069972,0.038732,-0.17202,0.065795,-0.374086,0.840926,0.887037,0.012886,0.261528,0.309173,-0.153019,0.059837,0.644986,-0.80504,0.139185,-0.140905
1.153655,0.026071,0.767949,0.048512,0.025874,0.029656,0.998047,0.12792,-0.172396,-0.049662,0.366475,-0.281869,0.059369,-0.60619,-0.115768,-0.056148,0.316018,0.037023,0.108803,-0.048134,-0.063693,0.034462,-0.160608,0.06584,-0.379075,0.844845,0.887048,0.023642,0.258258,0.311077,-0.135934,0.039839,0.666233,-0.795931,0.14642,-0.155156
1.180091,0.022628,0.765554,0.044338,0.026227,0.028859,0.998255,0.146164,-0.155764,-0.048083,0.407216,-0.241585,0.047116,-0.607889,-0.105839,-0.068664,0.390105,0.078603,0.076802,-0.051213,-0.054533,0.029275,-0.140212,0.066568,-0.375843,0.851688,0.885334,0.040611,0.257036,0.30944,-0.121638,0.024312,0.692389,-0.793404,0.157353,-0.161135
1.206095,0.019031,0.764137,0.03784,0.026222,0.026923,0.998577,0.150502,-0.134634,-0.042872,0.469039,-0.179863,0.035399,-0.602975,-0.091418,-0.083662,0.460671,0.074788,0.046416,-0.053399,-0.041785,0.024533,-0.11301,0.06885,-0.366666,0.862942,0.882007,0.063246,0.255486,0.304533,-0.109082,0.013141,0.72015,-0.797428,0.168697,-0.163035
1.231053,0.015339,0.765117,0.027831,0.025733,0.02587,0.998946,0.132542,-0.106864,-0.038971,0.561744,-0.094308,0.019391,-0.586448,-0.068358,-0.099898,0.505746,0.030564,0.015778,-0.054706,-0.025755,0.021385,-0.084897,0.074837,-0.358321,0.878931,0.878795,0.087713,0.249385,0.297286,-0.095113,0.004615,0.745173,-0.802535,0.175206,-0.166519
1.254752,0.011503,0.765482,0.015685,0.024745,0.027998,0.999179,0.086108,-0.071455,-0.036513,0.692464,0.010565,-0.028015,-0.556902,-0.043331,-0.121424,0.525941,-0.013812,-0.004289,-0.055718,-0.007909,0.020545,-0.062544,0.086433,-0.360533,0.898054,0.880737,0.108046,0.236046,0.288585,-0.081031,-0.001907,0.764078,-0.805279,0.173691,-0.173392
1.277373,0.007739,0.765963,0.00254,0.0235,0.033441,0.999161,0.013999,-0.029951,-0.034064,0.849324,0.129637,-0.089485,-0.519904,-0.019308,-0.147898,0.529534,-0.052496,-0.015989,-0.056753,0.010725,0.021684,-0.047387,0.105503,-0.37752,0.915109,0.891707,0.118901,0.215739,0.277745,-0.069448,-0.00489,0.776404,-0.806529,0.165291,-0.180992
1.299223,0.004474,0.766087,-0.010871,0.02234,0.039678,0.998904,-0.072802,0.009634,-0.036316,1.002822,0.225341,-0.125889,-0.482379,0.00463,-0.1746,0.527788,-0.087998,-0.021541,-0.056732,0.02966,0.024339,-0.034484,0.131085,-0.40074,0.922081,0.906256,0.118799,0.193161,0.26306,-0.061772,-0.003569,0.783385,-0.80831,0.154132,-0.186782
1.320861,0.001759,0.766653,-0.022152,0.020692,0.043974,0.998573,-0.160867,0.035842,-0.044128,1.128891,0.270932,-0.151495,-0.443181,0.028129,-0.195139,0.521939,-0.118916,-0.029119,-0.054713,0.047319,0.028099,-0.016124,0.156781,-0.41373,0.913658,0.910482,0.111495,0.17702,0.243919,-0.058763,0.000912,0.786455,-0.811075,0.144059,-0.190718
1.342564,-0.00043,0.7676,-0.03072,0.018223,0.045381,0.998331,-0.244188,0.040085,-0.055979,1.215057,0.228894,-0.143158,-0.402201,0.050894,-0.207141,0.514342,-0.148048,-0.03667,-0.050697,0.061945,0.032727,0.011082,0.178517,-0.407123,0.891673,0.8964,0.104205,0.171517,0.220812,-0.058832,0.008108,0.787454,-0.814046,0.136026,-0.193679
1.364439,-0.002103,0.76866,-0.037246,0.015123,0.044476,0.998201,-0.322415,0.043496,-0.061636,1.264144,0.176095,-0.138635,-0.360162,0.072408,-0.211998,0.507166,-0.176837,-0.04332,-0.044964,0.072902,0.037673,0.045522,0.196269,-0.38437,0.86162,0.868735,0.101525,0.174966,0.194723,-0.060075,0.018448,0.788336,-0.81744,0.128735,-0.196228
1.386576,-0.003372,0.769836,-0.042091,0.011839,0.04185,0.998167,-0.393895,0.043711,-0.066044,1.27269,0.117061,-0.115729,-0.316369,0.092186,-0.211487,0.498861,-0.205035,-0.048883,-0.036957,0.080971,0.042033,0.089899,0.213752,-0.353114,0.822053,0.838783,0.102382,0.182453,0.165096,-0.062388,0.026204,0.800872,-0.824288,0.111693,-0.202752
1.408883,-0.00436,0.771131,-0.045438,0.008913,0.038435,0.998188,-0.457614,0.036455,-0.073671,1.241426,0.043618,-0.086628,-0.27113,0.109443,-0.207287,0.487813,-0.231456,-0.052938,-0.027101,0.086562,0.045439,0.127016,0.223031,-0.32182,0.790128,0.812415,0.109924,0.191751,0.135959,-0.064654,0.036803,0.802895,-0.831292,0.098044,-0.203532
1.4312,-0.005159,0.772372,-0.047303,0.006739,0.034603,0.998258,-0.51153,0.025896,-0.083583,1.171291,-0.02714,-0.066315,-0.225233,0.123748,-0.200058,0.472899,-0.254893,-0.055665,-0.01614,0.089894,0.04797,0.155969,0.217425,-0.295871,0.770079,0.793339,0.126427,0.206544,0.109155,-0.067208,0.052828,0.794507,-0.834583,0.089112,-0.201521
1.453417,-0.005781,0.773136,-0.048324,0.005577,0.030447,0.998352,-0.554179,0.018557,-0.092647,1.066147,-0.06812,-0.061459,-0.180326,0.135653,-0.190645,0.45557,-0.275641,-0.057488,-0.00458,0.09136,0.049775,0.176925,0.21487,-0.269893,0.76063,0.776423,0.137778,0.217698,0.087002,-0.074212,0.069406,0.783164,-0.834936,0.076397,-0.199805
1.475526,-0.006367,0.773149,-0.048009,0.005701,0.025958,0.998493,-0.582562,0.016915,-0.094231,0.927733,-0.092875,-0.039008,-0.136056,0.144621,-0.179049,0.433903,-0.292701,-0.059065,0.007371,0.091569,0.050476,0.195606,0.210898,-0.246567,0.75591,0.765774,0.146388,0.226205,0.062979,-0.081624,0.087333,0.771599,-0.835155,0.068127,-0.197473
1.49763,-0.006854,0.772295,-0.048045,0.006719,0.021432,0.998593,-0.599191,0.024773,-0.083465,0.76882,-0.089324,-0.024226,-0.093268,0.15313,-0.166863,0.411692,-0.30801,-0.060737,0.019319,0.091273,0.049963,0.211221,0.206873,-0.228072,0.756055,0.762385,0.153472,0.232456,0.040274,-0.087811,0.105629,0.761313,-0.834833,0.063097,-0.195091
1.519842,-0.007322,0.771166,-0.047396,0.008437,0.016943,0.998697,-0.603132,0.033934,-0.06073,0.593008,-0.063707,-0.011734,-0.048511,0.159788,-0.1538,0.382957,-0.317997,-0.061265,0.03089,0.090639,0.047991,0.223713,0.201906,-0.216819,0.760757,0.765439,0.157376,0.236878,0.020431,-0.093622,0.122885,0.752902,-0.833442,0.060472,-0.192247
1.542335,-0.007637,0.769898,-0.0462,0.010359,0.012421,0.998801,-0.593282,0.038296,-0.038007,0.413472,-0.028908,-0.021235,-0.001663,0.164214,-0.14025,0.349871,-0.322023,-0.060229,0.04166,0.08906,0.044976,0.234022,0.19731,-0.212537,0.768996,0.773341,0.156949,0.239836,0.004399,-0.098372,0.138767,0.746971,-0.830332,0.058693,-0.188393
1.565384,-0.007604,0.768076,-0.045535,0.011764,0.008005,0.998861,-0.579497,0.036904,-0.024703,0.260988,-0.013935,-0.036421,0.043394,0.16749,-0.12703,0.324466,-0.324575,-0.058323,0.051162,0.086579,0.042039,0.243077,0.195146,-0.213052,0.779449,0.78412,0.152513,0.241981,-0.007363,-0.101366,0.153771,0.743788,-0.826952,0.058277,-0.183699
1.589121,-0.007081,0.765598,-0.045678,0.012502,0.004261,0.998869,-0.574103,0.032308,-0.019427,0.186943,-0.019893,-0.04832,0.082093,0.16965,-0.114905,0.317213,-0.332142,-0.056148,0.059355,0.083671,0.039851,0.250224,0.19549,-0.216685,0.791775,0.796272,0.145753,0.243176,-0.014359,-0.10348,0.168009,0.742513,-0.826616,0.063853,-0.179358
1.613582,-0.006029,0.763777,-0.045247,0.012938,0.001397,0.998891,-0.576263,0.025298,-0.019406,0.201831,-0.010641,-0.05634,0.113917,0.16817,-0.104177,0.326995,-0.337705,-0.054708,0.066774,0.080012,0.037864,0.254346,0.195656,-0.222179,0.806398,0.809466,0.139049,0.24266,-0.015566,-0.106288,0.18161,0.741866,-0.832269,0.081379,-0.17724
1.639401,-0.004483,0.766655,-0.043513,0.01245,-0.002166,0.998973,-0.583807,0.010919,-0.029505,0.271469,0.018431,-0.020968,0.145812,0.162443,-0.093763,0.351309,-0.331331,-0.053208,0.074348,0.074507,0.035356,0.257137,0.19329,-0.225224,0.823249,0.822848,0.135366,0.241546,-0.009998,-0.109326,0.19548,0.742555,-0.84364,0.111394,-0.178216
1.665724,-0.002627,0.766933,-0.03797,0.011745,-0.005485,0.999195,-0.581415,-0.008957,-0.032713,0.329813,0.082634,0.028138,0.17418,0.146969,-0.083378,0.37739,-0.307636,-0.051864,0.080678,0.06555,0.0313,0.258818,0.183432,-0.221308,0.842856,0.83341,0.136734,0.241956,0.003091,-0.113966,0.207114,0.746498,-0.855981,0.147398,-0.180716
1.692461,-0.000621,0.764455,-0.030867,0.010407,-0.006435,0.999449,-0.561392,-0.021626,-0.020615,0.370578,0.125442,0.009405,0.191352,0.124914,-0.07967,0.426537,-0.252575,-0.035267,0.084125,0.052265,0.026559,0.258305,0.168477,-0.207512,0.865121,0.838014,0.144356,0.244215,0.024342,-0.116174,0.211111,0.757116,-0.861556,0.180087,-0.182205
1.718445,0.001216,0.764463,-0.020636,0.009117,-0.005547,0.99973,-0.537454,-0.039442,-0.002611,0.407687,0.122874,0.011242,0.187404,0.094194,-0.080213,0.505351,-0.170271,-0.0039,0.085548,0.035243,0.02312,0.252638,0.148667,-0.18822,0.888707,0.83685,0.155133,0.246434,0.050886,-0.11751,0.203208,0.775408,-0.856636,0.204944,-0.17758
1.743134,0.003079,0.766418,-0.009236,0.007691,-0.004915,0.999916,-0.51046,-0.063247,0.013502,0.432412,0.088946,0.036036,0.149641,0.059322,-0.076617,0.62968,-0.053259,0.035639,0.085825,0.016668,0.022123,0.240581,0.12883,-0.170828,0.909198,0.835384,0.163901,0.247524,0.077624,-0.117432,0.187627,0.799063,-0.842419,0.220306,-0.162396
1.766545,0.004951,0.768006,0.002787,0.006349,-0.00728,0.999949,-0.476633,-0.085299,0.031739,0.440712,0.053384,0.044702,0.080489,0.018571,-0.071873,0.789254,0.072471,0.093943,0.085766,-0.001539,0.023613,0.224193,0.111612,-0.160987,0.921478,0.838205,0.165201,0.248252,0.098996,-0.121203,0.177488,0.822514,-0.827803,0.225158,-0.134811
1.788895,0.006513,0.76893,0.014764,0.00549,-0.011942,0.999805,-0.440733,-0.104855,0.051646,0.439175,0.020357,0.048058,-0.00543,-0.02825,-0.066925,0.951635,0.193147,0.174084,0.085114,-0.019387,0.026725,0.205232,0.098073,-0.159161,0.922805,0.845192,0.15764,0.249627,0.113669,-0.134407,0.186189,0.838724,-0.823535,0.217604,-0.096733
1.810574,0.007594,0.769809,0.026112,0.004981,-0.015897,0.99952,-0.405914,-0.124166,0.069101,0.435739,-0.011173,0.051976,-0.096884,-0.076634,-0.063912,1.09077,0.287255,0.23456,0.082596,-0.037543,0.031025,0.183647,0.088109,-0.162341,0.915125,0.852718,0.143738,0.251311,0.12516,-0.158262,0.215443,0.840876,-0.833764,0.196767,-0.055427
1.832042,0.008264,0.770912,0.034916,0.00395,-0.016835,0.999241,-0.36901,-0.142957,0.078496,0.429692,-0.039937,0.058174,-0.186572,-0.108937,-0.05858,1.190787,0.285644,0.241024,0.077676,-0.054734,0.035661,0.156171,0.081493,-0.165566,0.90824,0.86072,0.126014,0.252375,0.140349,-0.189409,0.250009,0.825108,-0.849545,0.165367,-0.022665
1.853241,0.008396,0.771569,0.043647,0.00251,-0.015606,0.998922,-0.33643,-0.163225,0.083378,0.432194,-0.069662,0.064347,-0.272188,-0.132418,-0.053025,1.255227,0.211165,0.238922,0.071288,-0.069269,0.040733,0.129697,0.078573,-0.173912,0.904063,0.866021,0.105126,0.254994,0.161512,-0.212905,0.271103,0.791473,-0.86205,0.145853,-0.008297
1.874615,0.008157,0.77219,0.050547,0.000444,-0.012081,0.998649,-0.301558,-0.182264,0.081442,0.435247,-0.100584,0.069302,-0.347204,-0.157655,-0.054057,1.276471,0.125424,0.207141,0.063364,-0.080929,0.044917,0.092988,0.075333,-0.186707,0.904742,0.873842,0.094118,0.253172,0.189199,-0.225979,0.265292,0.750629,-0.857073,0.136947,-0.011384
1.896143,0.007634,0.773006,0.054965,-0.001654,-0.007181,0.998461,-0.264464,-0.197595,0.073273,0.437116,-0.131913,0.073633,-0.411365,-0.174685,-0.054291,1.252523,0.048501,0.187348,0.054336,-0.089255,0.047923,0.046289,0.069915,-0.203756,0.911092,0.88586,0.092744,0.248488,0.218282,-0.218043,0.238427,0.710734,-0.83692,0.142147,-0.030353
1.917588,0.006882,0.773763,0.058307,-0.003063,-0.001968,0.998292,-0.229894,-0.210135,0.062577,0.44223,-0.164207,0.077732,-0.466202,-0.18596,-0.052896,1.188456,-0.024457,0.157763,0.044688,-0.094631,0.04998,0.001788,0.068268,-0.223848,0.916149,0.898629,0.088914,0.243815,0.244942,-0.206181,0.198694,0.676604,-0.805439,0.146845,-0.055627
1.938907,0.006119,0.774621,0.059019,-0.003396,0.003006,0.998247,-0.194399,-0.217192,0.048752,0.441418,-0.192467,0.081138,-0.509245,-0.192338,-0.054439,1.085521,-0.074888,0.131582,0.03501,-0.097429,0.050575,-0.03906,0.068764,-0.244449,0.916986,0.91002,0.083121,0.241112,0.263959,-0.190912,0.16178,0.653741,-0.775319,0.151395,-0.081525
1.96008,0.005348,0.774868,0.05865,-0.002684,0.007233,0.998249,-0.158945,-0.220932,0.034357,0.435521,-0.216786,0.083491,-0.540266,-0.19247,-0.056149,0.95339,-0.110865,0.103736,0.025489,-0.098,0.049879,-0.071232,0.070357,-0.261961,0.911849,0.915327,0.073095,0.241993,0.269429,-0.179349,0.138352,0.648305,-0.756327,0.157409,-0.102265
1.981253,0.004572,0.774471,0.058194,-0.000995,0.010329,0.998251,-0.121941,-0.223035,0.020645,0.422154,-0.23771,0.084774,-0.557788,-0.192931,-0.066756,0.799959,-0.113716,0.092093,0.016931,-0.097329,0.047732,-0.098304,0.068637,-0.275924,0.902439,0.912625,0.063468,0.242989,0.267999,-0.173997,0.130723,0.652952,-0.754165,0.164332,-0.112141
2.002542,0.003895,0.773835,0.056778,0.001586,0.012666,0.998305,-0.081719,-0.222387,0.007015,0.398461,-0.252597,0.084986,-0.563155,-0.18696,-0.081312,0.630814,-0.10074,0.087844,0.009404,-0.095641,0.044208,-0.119342,0.066833,-0.288733,0.8902,0.904025,0.053354,0.242749,0.260749,-0.172562,0.13491,0.664676,-0.764836,0.16968,-0.108306
2.024155,0.003119,0.77284,0.056168,0.004669,0.014685,0.998302,-0.041212,-0.221889,-0.005221,0.372605,-0.264236,0.084083,-0.557833,-0.178025,-0.093899,0.454704,-0.08121,0.114195,0.00326,-0.093091,0.039671,-0.13486,0.064577,-0.303491,0.877201,0.893399,0.042841,0.241962,0.251938,-0.174049,0.141277,0.678554,-0.780962,0.173099,-0.09334
2.046174,0.002293,0.771532,0.055052,0.008346,0.015958,0.998321,-0.000836,-0.219577,-0.016147,0.34527,-0.271844,0.082323,-0.547915,-0.164926,-0.105606,0.29142,-0.068078,0.132071,-0.001192,-0.089846,0.034494,-0.145406,0.06337,-0.319857,0.864925,0.883309,0.033851,0.241955,0.243705,-0.17348,0.142418,0.690197,-0.794903,0.17524,-0.074562
2.06891,0.001075,0.769182,0.05559,0.011129,0.017012,0.998247,0.035784,-0.219262,-0.024745,0.332343,-0.283659,0.079705,-0.55714,-0.154187,-0.099066,0.208822,-0.073965,0.16688,-0.005343,-0.085891,0.030378,-0.150199,0.060179,-0.335302,0.855428,0.87303,0.027575,0.243481,0.238615,-0.172633,0.135087,0.697093,-0.803434,0.177217,-0.060846
2.092385,-0.000659,0.766108,0.057179,0.013518,0.017084,0.998126,0.068141,-0.219664,-0.030623,0.332777,-0.299524,0.076425,-0.570421,-0.14413,-0.077691,0.197139,-0.070417,0.200669,-0.009497,-0.08221,0.026341,-0.148202,0.055759,-0.346468,0.850714,0.862091,0.025756,0.245683,0.236079,-0.170509,0.122877,0.700625,-0.807142,0.178132,-0.056902
2.116379,-0.002862,0.764057,0.056427,0.016146,0.016312,0.998143,0.098685,-0.214328,-0.035392,0.336167,-0.308668,0.072279,-0.574725,-0.127964,-0.055115,0.225959,-0.040128,0.181023,-0.013559,-0.078079,0.021323,-0.139553,0.053157,-0.351712,0.852785,0.85152,0.029931,0.247305,0.234172,-0.163375,0.1106,0.704538,-0.808772,0.178254,-0.061652
2.141554,-0.005658,0.766259,0.053191,0.017589,0.016225,0.998298,0.133197,-0.203286,-0.04098,0.346347,-0.304765,0.067022,-0.588825,-0.107612,-0.039649,0.299381,0.007866,0.129618,-0.017581,-0.0716,0.016279,-0.125085,0.051425,-0.352203,0.864458,0.843866,0.04128,0.249162,0.233985,-0.152254,0.098525,0.711174,-0.810657,0.180022,-0.070984
2.167311,-0.008868,0.764065,0.047697,0.018495,0.015308,0.998573,0.161755,-0.186422,-0.045775,0.364523,-0.277511,0.058565,-0.586619,-0.088998,-0.041528,0.360355,0.06563,0.096201,-0.021133,-0.061783,0.010387,-0.104628,0.050326,-0.347569,0.886291,0.841219,0.061568,0.25363,0.234155,-0.138522,0.086611,0.722228,-0.813419,0.1844,-0.079868
2.193172,-0.012402,0.763143,0.040834,0.018238,0.013246,0.998912,0.179539,-0.166078,-0.047824,0.40512,-0.229388,0.038293,-0.576583,-0.069822,-0.048972,0.420897,0.078304,0.071594,-0.025208,-0.048205,0.005568,-0.07821,0.048849,-0.33705,0.91593,0.842054,0.089741,0.260551,0.232968,-0.124847,0.074079,0.737684,-0.816294,0.190727,-0.085403
2.218197,-0.016078,0.765279,0.031341,0.017516,0.011723,0.999286,0.178807,-0.141261,-0.050202,0.471534,-0.160842,0.012028,-0.562358,-0.045239,-0.059719,0.469424,0.049742,0.029951,-0.030062,-0.03172,0.002845,-0.049685,0.048939,-0.323566,0.94942,0.843547,0.119693,0.264695,0.229409,-0.110122,0.060212,0.754999,-0.817743,0.197139,-0.087708
2.24223,-0.01979,0.767349,0.019386,0.016784,0.013684,0.999578,0.151499,-0.110741,-0.057111,0.574748,-0.066854,-0.055287,-0.53544,-0.02127,-0.080111,0.495156,0.009848,0.002431,-0.035437,-0.014199,0.002126,-0.025875,0.054672,-0.317621,0.983055,0.849355,0.142239,0.259092,0.224414,-0.093657,0.044592,0.770191,-0.81725,0.202043,-0.089165
2.264787,-0.023611,0.768074,0.006884,0.01591,0.020436,0.999641,0.090956,-0.077868,-0.063991,0.719946,0.057443,-0.118841,-0.504281,-0.001464,-0.108313,0.508528,-0.027663,-0.018558,-0.041811,0.002819,0.003581,-0.007459,0.070225,-0.329462,1.005829,0.870899,0.153247,0.240529,0.212445,-0.076101,0.028568,0.782776,-0.816173,0.20626,-0.089793
2.286427,-0.027272,0.768599,-0.00586,0.014982,0.031079,0.999387,0.010716,-0.04137,-0.069626,0.883869,0.161841,-0.20013,-0.470448,0.015213,-0.141674,0.513413,-0.061602,-0.033567,-0.048786,0.018935,0.005925,-0.0042,0.097812,-0.359205,1.028536,0.902516,0.147095,0.221419,0.221581,-0.064884,0.015347,0.79561,-0.813827,0.182592,-0.104586
2.307769,-0.030516,0.769075,-0.01725,0.013536,0.042901,0.998839,-0.081007,-0.003927,-0.070184,1.037026,0.257394,-0.2332,-0.432351,0.029815,-0.174665,0.510533,-0.092923,-0.043403,-0.054723,0.034582,0.009046,-0.003404,0.129567,-0.387133,1.033713,0.930858,0.131271,0.208956,0.216257,-0.056482,0.010007,0.805405,-0.816381,0.163625,-0.112434
2.329186,-0.033199,0.770065,-0.025938,0.011101,0.052875,0.998203,-0.171375,0.026619,-0.069501,1.158642,0.268432,-0.221077,-0.388905,0.043674,-0.20137,0.500405,-0.121526,-0.049109,-0.057369,0.048985,0.012885,-0.000037,0.157865,-0.393604,1.019192,0.936563,0.113321,0.203436,0.20416,-0.054327,0.013481,0.812636,-0.825517,0.148231,-0.115803
2.350571,-0.035108,0.77095,-0.033561,0.00768,0.059162,0.997655,-0.259398,0.045512,-0.070211,1.243776,0.214416,-0.202274,-0.346021,0.059674,-0.219898,0.492831,-0.150086,-0.051735,-0.055716,0.061526,0.018003,0.00951,0.182376,-0.374482,0.987721,0.916871,0.099776,0.202978,0.186881,-0.055557,0.023897,0.819147,-0.839242,0.136656,-0.116456
2.372129,-0.036422,0.771876,-0.03867,0.003814,0.060901,0.997387,-0.335672,0.050133,-0.07029,1.282687,0.157738,-0.173829,-0.301663,0.076117,-0.227822,0.483714,-0.177666,-0.052587,-0.049967,0.071547,0.02289,0.029498,0.200951,-0.337109,0.939777,0.883336,0.094215,0.207775,0.162085,-0.057811,0.038116,0.825208,-0.8545,0.132544,-0.11384
2.393706,-0.037224,0.772646,-0.042381,0.000303,0.05928,0.997341,-0.403405,0.047141,-0.072957,1.277537,0.098406,-0.160021,-0.259028,0.092298,-0.227939,0.476532,-0.205088,-0.052661,-0.040734,0.078842,0.027212,0.055085,0.216962,-0.290165,0.885318,0.844708,0.0917,0.218555,0.133775,-0.061457,0.048807,0.835757,-0.869662,0.124899,-0.111927
2.415203,-0.037705,0.773187,-0.045347,-0.002313,0.055495,0.997426,-0.464329,0.038926,-0.078504,1.236671,0.019514,-0.125748,-0.218864,0.10784,-0.223324,0.470897,-0.231974,-0.053362,-0.028697,0.084288,0.030644,0.080227,0.223754,-0.241928,0.831372,0.806685,0.093855,0.232939,0.109093,-0.064897,0.058765,0.836657,-0.881201,0.116076,-0.110387
2.436605,-0.03805,0.773707,-0.046491,-0.003656,0.050555,0.997632,-0.51423,0.032445,-0.081385,1.155934,-0.049866,-0.102551,-0.178862,0.120495,-0.214655,0.460987,-0.255266,-0.05536,-0.015232,0.088148,0.032774,0.104207,0.222678,-0.199072,0.781791,0.772692,0.09673,0.247521,0.087357,-0.069798,0.067519,0.827497,-0.887617,0.105506,-0.110891
2.457856,-0.03824,0.773844,-0.047182,-0.003921,0.045156,0.997857,-0.551974,0.032231,-0.079882,1.040118,-0.089577,-0.092655,-0.140075,0.131613,-0.203817,0.449041,-0.275635,-0.057697,-0.001249,0.090864,0.033994,0.125944,0.219013,-0.167497,0.739605,0.74773,0.098775,0.259236,0.068713,-0.075143,0.075423,0.811252,-0.88843,0.093549,-0.114723
2.478996,-0.038401,0.773602,-0.046869,-0.00317,0.039525,0.998114,-0.57635,0.035779,-0.072577,0.896984,-0.097318,-0.076353,-0.100107,0.1406,-0.190737,0.430355,-0.290936,-0.058459,0.012721,0.092707,0.034295,0.14446,0.21374,-0.150574,0.707492,0.735472,0.099667,0.26799,0.05287,-0.081445,0.082719,0.791927,-0.884909,0.082684,-0.121015
2.500147,-0.038503,0.772871,-0.046615,-0.001673,0.034112,0.998329,-0.585361,0.04353,-0.057234,0.732338,-0.095335,-0.053086,-0.059025,0.148967,-0.17677,0.406466,-0.301748,-0.058174,0.025924,0.093883,0.033581,0.152842,0.201345,-0.150383,0.692055,0.738012,0.105887,0.277994,0.040085,-0.08938,0.091884,0.773429,-0.875596,0.0744,-0.127981
2.521437,-0.038526,0.771992,-0.046199,0.000312,0.028978,0.998512,-0.580514,0.049549,-0.038059,0.554216,-0.067815,-0.050015,-0.016569,0.156227,-0.162027,0.378003,-0.306765,-0.057499,0.037886,0.094377,0.0319,0.163699,0.195731,-0.156248,0.684383,0.748538,0.105577,0.284983,0.02803,-0.096163,0.101018,0.758371,-0.865438,0.070301,-0.13293
2.54298,-0.038318,0.77103,-0.046091,0.00243,0.023704,0.998653,-0.565557,0.050873,-0.01719,0.381137,-0.037644,-0.047813,0.024681,0.162562,-0.146467,0.351587,-0.307177,-0.055971,0.048508,0.094305,0.029665,0.174875,0.191997,-0.164189,0.684662,0.764813,0.103439,0.292784,0.018031,-0.100761,0.11045,0.746934,-0.856265,0.068763,-0.137152
2.564972,-0.03772,0.770378,-0.045912,0.004391,0.018417,0.998766,-0.549909,0.046145,-0.004369,0.248272,-0.02278,-0.061177,0.062257,0.166698,-0.129943,0.335095,-0.30847,-0.053164,0.057563,0.093206,0.027359,0.185671,0.186922,-0.169976,0.692569,0.783026,0.101954,0.302728,0.010705,-0.103587,0.119643,0.739151,-0.849273,0.068333,-0.144331
2.587941,-0.036632,0.772742,-0.046531,0.005596,0.013202,0.998814,-0.54223,0.040867,0.003957,0.18962,-0.022878,-0.070458,0.097356,0.170669,-0.113148,0.336717,-0.313843,-0.049785,0.065071,0.091238,0.025091,0.196944,0.179694,-0.169939,0.707147,0.798452,0.101797,0.313215,0.007365,-0.10401,0.128086,0.735647,-0.844789,0.068838,-0.156813
2.611529,-0.035132,0.772714,-0.045685,0.006257,0.007772,0.998906,-0.541701,0.032279,0.004166,0.209406,-0.003395,-0.054322,0.128167,0.169098,-0.095439,0.345688,-0.316555,-0.044654,0.071998,0.087708,0.02236,0.208691,0.167408,-0.164301,0.727453,0.808374,0.102505,0.322303,0.009596,-0.104416,0.13493,0.735646,-0.842669,0.071343,-0.170926
2.635997,-0.033289,0.772262,-0.042794,0.006139,0.001447,0.999064,-0.542162,0.018473,-0.004766,0.261752,0.055332,0.002901,0.156583,0.160862,-0.077998,0.363003,-0.303652,-0.037638,0.078768,0.081427,0.018753,0.221264,0.151111,-0.155171,0.7524,0.814186,0.104662,0.329832,0.01912,-0.104731,0.138416,0.738062,-0.840928,0.076463,-0.180805
2.661234,-0.031178,0.771285,-0.037828,0.005534,-0.003859,0.999261,-0.532613,0.006405,-0.003328,0.305642,0.111721,0.019692,0.18018,0.145493,-0.06553,0.392117,-0.269023,-0.027538,0.083699,0.071394,0.014126,0.233598,0.13306,-0.14601,0.781751,0.81874,0.108411,0.335219,0.037809,-0.102956,0.13293,0.7423,-0.834062,0.084815,-0.185534
2.686739,-0.028969,0.767302,-0.030029,0.004728,-0.006554,0.999516,-0.510006,-0.004868,0.01124,0.348906,0.132405,0.029433,0.194557,0.123554,-0.056447,0.438921,-0.21213,-0.010593,0.086151,0.056922,0.009681,0.242993,0.114807,-0.139849,0.81598,0.823203,0.112295,0.337128,0.065155,-0.098483,0.115712,0.749528,-0.817779,0.097138,-0.186993
2.711162,-0.026756,0.76958,-0.020725,0.003728,-0.007669,0.999749,-0.490024,-0.022428,0.026629,0.381441,0.118888,0.033205,0.18414,0.096118,-0.048382,0.520405,-0.122881,0.034534,0.087063,0.039369,0.00667,0.246826,0.100193,-0.139106,0.853365,0.829791,0.114206,0.334891,0.095701,-0.093802,0.097774,0.76201,-0.797356,0.110482,-0.182427
2.734485,-0.024464,0.771501,-0.01019,0.002812,-0.009898,0.999895,-0.463527,-0.042504,0.043553,0.401586,0.085865,0.050801,0.142385,0.064194,-0.039637,0.642718,-0.017558,0.092286,0.087404,0.021368,0.005736,0.243695,0.090463,-0.14618,0.889425,0.842024,0.112126,0.329398,0.121324,-0.099214,0.10016,0.778387,-0.78901,0.117476,-0.163821
2.756646,-0.022211,0.773127,0.001078,0.002013,-0.01473,0.999889,-0.433564,-0.061914,0.063662,0.412436,0.051246,0.061883,0.071279,0.026312,-0.036373,0.80006,0.101625,0.138327,0.088036,0.004424,0.007138,0.233721,0.084387,-0.159519,0.918763,0.859769,0.105914,0.323181,0.138534,-0.122851,0.134026,0.790866,-0.804968,0.110374,-0.12945
2.777787,-0.020288,0.773688,0.012154,0.001646,-0.020382,0.999717,-0.404836,-0.080513,0.084091,0.419801,0.018863,0.071377,-0.012598,-0.022688,-0.04344,0.955906,0.21116,0.209374,0.088476,-0.011607,0.010132,0.217199,0.079791,-0.17349,0.938771,0.877371,0.096842,0.31939,0.150884,-0.161216,0.185167,0.789043,-0.838317,0.089064,-0.092146
2.798336,-0.018824,0.774036,0.021856,0.001159,-0.023707,0.999479,-0.375544,-0.099146,0.099149,0.424338,-0.013475,0.074844,-0.097786,-0.07691,-0.058042,1.086019,0.295266,0.243691,0.086974,-0.027146,0.014355,0.192816,0.075988,-0.183186,0.954537,0.893463,0.085185,0.319785,0.166311,-0.202158,0.222701,0.77018,-0.863367,0.063258,-0.067285
2.818405,-0.017893,0.774185,0.030767,-0.000011,-0.023247,0.999256,-0.34728,-0.119819,0.106948,0.430917,-0.044938,0.078862,-0.184222,-0.114159,-0.058578,1.181762,0.28271,0.241283,0.082094,-0.041468,0.020067,0.164709,0.074285,-0.198231,0.961301,0.90618,0.076989,0.320522,0.184233,-0.223494,0.227881,0.744289,-0.864065,0.056352,-0.061217
2.838278,-0.017406,0.774354,0.03788,-0.002018,-0.020112,0.999078,-0.317513,-0.139685,0.107784,0.437653,-0.075671,0.083282,-0.263201,-0.138147,-0.059262,1.238268,0.190007,0.217169,0.075405,-0.053255,0.025962,0.131972,0.074613,-0.214886,0.965909,0.91903,0.070355,0.320502,0.208079,-0.22844,0.200429,0.718531,-0.836396,0.065399,-0.071608
2.85813,-0.017362,0.774636,0.043812,-0.004559,-0.014842,0.998919,-0.285971,-0.158524,0.102943,0.444311,-0.106036,0.087321,-0.331485,-0.160313,-0.063575,1.24994,0.096467,0.191836,0.067027,-0.062265,0.031292,0.099048,0.076655,-0.224327,0.969999,0.927137,0.05813,0.32191,0.236131,-0.220956,0.156063,0.692927,-0.795586,0.086333,-0.093667
2.878058,-0.017563,0.775372,0.047449,-0.00707,-0.007697,0.998819,-0.250682,-0.174352,0.091398,0.445876,-0.134335,0.090881,-0.386207,-0.179836,-0.071273,1.213957,0.017216,0.179797,0.057051,-0.068653,0.0353,0.062736,0.071109,-0.225214,0.967947,0.926715,0.050766,0.322994,0.256417,-0.200639,0.11343,0.674978,-0.758767,0.116153,-0.121483
2.897828,-0.01794,0.776189,0.050264,-0.008848,0.000618,0.998697,-0.217002,-0.188437,0.076023,0.448207,-0.161298,0.094075,-0.431924,-0.191743,-0.07847,1.138555,-0.055287,0.140385,0.045991,-0.072821,0.03842,0.029678,0.065356,-0.222316,0.956568,0.918334,0.040741,0.325105,0.273648,-0.18527,0.077946,0.659762,-0.732756,0.139956,-0.142741
2.917321,-0.018315,0.77692,0.051111,-0.009334,0.008975,0.998609,-0.18451,-0.198129,0.057772,0.447252,-0.184837,0.0965,-0.467141,-0.201962,-0.092715,1.029747,-0.111328,0.116324,0.035375,-0.075036,0.04027,-0.003093,0.060002,-0.224114,0.939165,0.909721,0.031046,0.328768,0.289085,-0.17312,0.056831,0.645618,-0.721392,0.155318,-0.15329
2.936531,-0.018657,0.777128,0.051248,-0.008635,0.016591,0.998511,-0.15288,-0.204989,0.039383,0.442151,-0.205131,0.098025,-0.49348,-0.209702,-0.111502,0.900093,-0.133711,0.09507,0.025727,-0.075862,0.040895,-0.029282,0.061992,-0.23175,0.915901,0.903192,0.015666,0.332932,0.293019,-0.1667,0.051905,0.644951,-0.721062,0.162589,-0.152312
2.955596,-0.018946,0.776786,0.051773,-0.006964,0.022779,0.998375,-0.120524,-0.210695,0.022973,0.430929,-0.221483,0.098643,-0.508862,-0.21435,-0.135181,0.755782,-0.13258,0.080282,0.017757,-0.076164,0.040058,-0.052031,0.063412,-0.243437,0.891396,0.897663,0.001808,0.33679,0.293116,-0.165444,0.059284,0.652235,-0.730907,0.164022,-0.14047
2.974631,-0.019097,0.776346,0.051647,-0.004771,0.027816,0.998267,-0.085053,-0.21395,0.00748,0.410679,-0.232182,0.098789,-0.516111,-0.206516,-0.154127,0.60367,-0.113353,0.08112,0.011603,-0.075801,0.03799,-0.069999,0.064615,-0.255397,0.867366,0.890359,-0.00999,0.339342,0.289702,-0.16647,0.072972,0.664747,-0.748725,0.162804,-0.12067
2.993814,-0.019294,0.775769,0.05154,-0.002408,0.032275,0.998146,-0.048621,-0.215919,-0.007113,0.387742,-0.240242,0.098836,-0.51445,-0.189855,-0.160407,0.449698,-0.087758,0.104912,0.007257,-0.074445,0.03509,-0.083914,0.064245,-0.26683,0.846072,0.880831,-0.019546,0.340781,0.285663,-0.167949,0.084832,0.676632,-0.770545,0.160805,-0.099847
3.013327,-0.019723,0.774915,0.051635,-0.000141,0.03639,0.998003,-0.013633,-0.216845,-0.020613,0.368809,-0.246749,0.098461,-0.50616,-0.172245,-0.158044,0.309014,-0.066697,0.151335,0.004632,-0.072409,0.031873,-0.095059,0.062361,-0.278417,0.829888,0.871326,-0.025869,0.342042,0.283519,-0.166624,0.087837,0.682887,-0.78855,0.158565,-0.08567
3.033343,-0.020598,0.773581,0.052607,0.001336,0.040566,0.99779,0.018856,-0.217946,-0.033373,0.360452,-0.257705,0.096643,-0.504989,-0.159749,-0.152164,0.223056,-0.06718,0.180541,0.002605,-0.070385,0.029132,-0.103158,0.05918,-0.290182,0.820476,0.864019,-0.028005,0.343733,0.284377,-0.161639,0.080251,0.683236,-0.796899,0.156747,-0.081196
3.053828,-0.022017,0.772767,0.054076,0.002332,0.0441,0.99756,0.048743,-0.218018,-0.044337,0.361248,-0.26978,0.093537,-0.506372,-0.15543,-0.154028,0.202219,-0.071747,0.198003,0.000751,-0.068888,0.026168,-0.106378,0.055822,-0.300526,0.817674,0.859172,-0.025989,0.346041,0.286335,-0.153745,0.067422,0.68151,-0.797163,0.155719,-0.083398
3.074905,-0.023763,0.776471,0.052817,0.003496,0.047157,0.997484,0.080588,-0.211869,-0.053965,0.363026,-0.270855,0.089624,-0.499767,-0.147733,-0.155719,0.215958,-0.030229,0.154792,-0.001955,-0.066677,0.021847,-0.103586,0.055138,-0.307727,0.820242,0.855605,-0.02059,0.347776,0.28591,-0.142356,0.056894,0.682493,-0.795888,0.155812,-0.08683
3.096439,-0.025857,0.77704,0.050429,0.003753,0.05055,0.997441,0.109561,-0.201231,-0.06292,0.368966,-0.26294,0.085453,-0.498538,-0.141711,-0.160769,0.260224,0.021163,0.113056,-0.005329,-0.06248,0.016873,-0.094798,0.054849,-0.312303,0.82904,0.852171,-0.012895,0.347795,0.284287,-0.131615,0.049508,0.687488,-0.797836,0.158324,-0.088887
3.118466,-0.028126,0.774573,0.046411,0.003933,0.053426,0.997485,0.13499,-0.186444,-0.069491,0.382585,-0.242856,0.082004,-0.486708,-0.134396,-0.170777,0.295949,0.080552,0.076411,-0.008957,-0.055671,0.010414,-0.080777,0.055716,-0.313935,0.845229,0.849924,-0.001333,0.345643,0.281207,-0.121017,0.04392,0.696574,-0.802437,0.16287,-0.089209
3.140346,-0.03063,0.774344,0.04098,0.004001,0.054849,0.997645,0.150521,-0.16844,-0.071424,0.412167,-0.203651,0.082458,-0.468825,-0.123009,-0.182439,0.327166,0.106622,0.052926,-0.012225,-0.045601,0.003362,-0.062189,0.05751,-0.31236,0.869093,0.849604,0.015801,0.339808,0.276544,-0.110556,0.038089,0.708722,-0.807298,0.168757,-0.08849
3.161512,-0.033286,0.777426,0.032758,0.004082,0.055535,0.997911,0.150876,-0.145274,-0.071128,0.460668,-0.141242,0.077501,-0.44895,-0.103381,-0.193702,0.34921,0.089209,0.028018,-0.015055,-0.032536,-0.00302,-0.041406,0.061433,-0.308897,0.898599,0.850576,0.038026,0.325718,0.270013,-0.098703,0.031871,0.721772,-0.810688,0.173989,-0.087736
3.182045,-0.036117,0.780407,0.0229,0.003993,0.057763,0.99806,0.133276,-0.117504,-0.068897,0.534658,-0.06349,0.057057,-0.420284,-0.080709,-0.208762,0.357325,0.058706,0.017719,-0.017938,-0.017987,-0.007783,-0.022111,0.067842,-0.308788,0.930027,0.853194,0.060544,0.299632,0.262852,-0.086906,0.025427,0.732459,-0.812387,0.176269,-0.088591
3.201413,-0.039188,0.781901,0.012531,0.003478,0.063061,0.997925,0.094375,-0.084433,-0.06013,0.638833,0.021127,0.029592,-0.388427,-0.058491,-0.229439,0.357087,0.030639,0.001235,-0.021831,-0.003589,-0.010104,-0.007213,0.07982,-0.318956,0.957834,0.862028,0.076519,0.263239,0.254822,-0.076127,0.020192,0.739148,-0.812811,0.1743,-0.091034
3.219323,-0.042242,0.781242,0.000888,0.002705,0.070763,0.997489,0.0317,-0.046681,-0.050798,0.773735,0.11427,-0.004949,-0.360298,-0.036016,-0.255109,0.358691,0.003017,-0.015766,-0.02616,0.010828,-0.009703,0.006909,0.101781,-0.340946,0.969225,0.883002,0.082699,0.220806,0.238192,-0.062737,0.018828,0.744253,-0.81285,0.173814,-0.093197
3.236511,-0.045341,0.780537,-0.010886,0.00184,0.079445,0.996778,-0.041536,0.004142,-0.031176,0.915367,0.203668,-0.069774,-0.334748,-0.013843,-0.28233,0.362474,-0.024617,-0.028694,-0.030166,0.025759,-0.008,0.014844,0.131323,-0.368111,0.97169,0.907628,0.076557,0.1825,0.226222,-0.053963,0.02078,0.743806,-0.812334,0.166805,-0.09592
3.253076,-0.048108,0.778832,-0.023411,0.000764,0.086916,0.99594,-0.117215,0.068672,-0.00893,1.043825,0.281019,-0.142371,-0.312962,0.010491,-0.30771,0.370231,-0.052518,-0.036544,-0.031732,0.041902,-0.005348,0.017453,0.163335,-0.388162,0.971212,0.922401,0.063947,0.158249,0.22146,-0.051043,0.024336,0.742663,-0.811913,0.149568,-0.102751
3.269482,-0.05047,0.777124,-0.034988,-0.001279,0.091195,0.995217,-0.191338,0.113241,-0.004147,1.148312,0.296513,-0.172823,-0.289365,0.036898,-0.326453,0.37606,-0.079541,-0.042041,-0.029676,0.05822,-0.002097,0.029848,0.190805,-0.388175,0.956221,0.921149,0.057701,0.150325,0.214097,-0.050947,0.026491,0.752928,-0.813924,0.127214,-0.117067
3.285802,-0.052321,0.775762,-0.044781,-0.004167,0.092996,0.99465,-0.260514,0.122779,-0.014413,1.215826,0.212797,-0.156865,-0.264673,0.062492,-0.33838,0.38211,-0.105621,-0.046684,-0.025974,0.072257,0.001556,0.048865,0.209059,-0.362776,0.933255,0.901311,0.063375,0.157,0.195743,-0.048973,0.027617,0.765362,-0.818365,0.119058,-0.128023
